{"cameraMode":{"drawMode":2,"name":"Shaded Wireframe","section":"Shading Mode"},"sceneLighting":true,"audioPlay":false,"sceneViewState":{"showFog":true,"showMaterialUpdate":false,"showSkybox":true,"showFlares":true,"showImageEffects":true,"showParticleSystems":true},"in2DMode":false,"pivot":{"x":43.037864685058597,"y":4.517163276672363,"z":-1.6594374179840088},"rotation":{"x":-0.10608207434415817,"y":-0.6339817643165588,"z":0.08264940232038498,"w":-0.7616412043571472},"size":6.3027520179748539,"orthographic":false}