{"cameraMode":{"drawMode":0,"name":"Shaded","section":"Shading Mode"},"sceneLighting":false,"audioPlay":false,"sceneViewState":{"showFog":true,"showMaterialUpdate":false,"showSkybox":false,"showFlares":true,"showImageEffects":true,"showParticleSystems":true},"in2DMode":false,"pivot":{"x":66.07655334472656,"y":8.815521240234375,"z":-86.13876342773438},"rotation":{"x":0.18434244394302369,"y":0.32672831416130068,"z":-0.0651199147105217,"w":0.9246987104415894},"size":4.041663646697998,"orthographic":false}