{"cameraMode":{"drawMode":0,"name":"Shaded","section":"Shading Mode"},"sceneLighting":false,"audioPlay":false,"sceneViewState":{"showFog":true,"showMaterialUpdate":false,"showSkybox":false,"showFlares":true,"showImageEffects":true,"showParticleSystems":true},"in2DMode":false,"pivot":{"x":65.08008575439453,"y":9.428629875183106,"z":-88.10123443603516},"rotation":{"x":-0.09578730165958405,"y":-0.9041823148727417,"z":0.3024427890777588,"w":-0.28621259331703188},"size":4.041663646697998,"orthographic":false}