{"cameraMode":{"drawMode":0,"name":"Shaded","section":"Shading Mode"},"sceneLighting":true,"audioPlay":false,"sceneViewState":{"showFog":true,"showMaterialUpdate":false,"showSkybox":true,"showFlares":true,"showImageEffects":true,"showParticleSystems":true},"in2DMode":false,"pivot":{"x":79.31195831298828,"y":-23.497692108154298,"z":-79.43761444091797},"rotation":{"x":-0.05313075706362724,"y":-0.9088987708091736,"z":0.09494782984256745,"w":-0.402847558259964},"size":138.18841552734376,"orthographic":false}